run_id,input_tokens,output_tokens,num_prompts,concurrency,completed,failed,duration_s,request_throughput_req_s,output_throughput_tok_s,total_token_throughput_tok_s,mean_ttft_ms,median_ttft_ms,p99_ttft_ms,mean_tpot_ms,median_tpot_ms,p99_tpot_ms,mean_itl_ms,median_itl_ms,p99_itl_ms,mean_e2el_ms,median_e2el_ms,p99_e2el_ms
serve_in16384_out64_n20_c1,16384,64,20,1,20,0,63.151046643033624,0.31670100597147044,20.268864382174108,5209.098146218746,1071.9634492415935,1071.0461204871535,1110.3662055078894,33.09759368366074,32.193792909975095,37.63161337091809,61.23784826945366,61.78851332515478,63.924899324774756,3157.11185131222,3111.210022587329,3452.2341629117727
serve_in16384_out64_n20_c2,16384,64,20,2,20,0,45.505300311371684,0.4395092409708159,28.128591422132217,7229.047995487979,1805.7402117643505,1913.0458207800984,2501.712390165776,43.36572496870917,43.225556552883184,57.49764804299625,80.00120083701907,61.79190147668123,473.55491243302777,4537.780884793028,4478.7029274739325,5100.301602212711
serve_in16384_out64_n20_c4,16384,64,20,4,20,0,32.281912186183035,0.6195419863808498,39.650687128374386,10190.226591992217,2100.51606092602,2033.9077897369862,4091.747935311868,68.64051032767054,71.64492350189933,82.71477103869002,124.08472129265367,61.036571860313416,508.5063305497167,6424.8682115692645,6395.501958671957,8387.871439373119
serve_in16384_out64_n20_c8,16384,64,20,8,20,0,29.82198058627546,0.6706462685179372,42.92136118514798,11030.789824583031,3625.4118621349335,2904.2849335819483,9023.846788052468,121.2764286081351,128.63270852655646,167.69084538392252,221.78273783328962,67.06341542303562,489.6079230681062,11265.826864447445,11214.611493982375,16811.09982668422
serve_in32768_out64_n20_c1,32768,64,20,1,20,0,83.31528942473233,0.24005197771134376,15.363326573526,7881.3865322188385,2061.401547025889,2058.4684521891177,2083.784228153527,33.39518529865594,32.474762604882315,41.27958283818785,61.071031505217654,61.983997002243996,65.7195532694459,4165.298220841214,4103.937770240009,4672.806758088991
serve_in32768_out64_n20_c2,32768,64,20,2,20,0,64.13764317706227,0.31182935651044713,19.957078816668616,10237.981432951,2996.2205444462597,2597.2909154370427,4431.0944136139005,53.938232453924314,62.5833302499756,69.91106505417044,98.35337440438795,62.236299738287926,479.8780956305564,6394.329189043492,6236.488099209964,8290.832157190887
serve_in32768_out64_n20_c4,32768,64,20,4,20,0,51.250845403410494,0.39023746520811725,24.975197773319504,12812.276457712906,4219.967434974387,4350.362876430154,7961.625923989338,94.22427671813657,92.48717365756868,128.8534463646393,172.31146052360793,61.842216178774834,476.57038800418377,10156.096868216991,9992.941674776375,15253.558827433731
serve_in32768_out64_n20_c8,32768,64,20,8,20,0,46.891866782680154,0.42651319668482773,27.296844587828975,14003.281273556264,6593.430785136297,5358.899836894125,16845.00551562756,181.58842306436293,192.4185152239506,247.1516689924257,325.92794912047367,435.11500721797347,471.5873293299228,18033.50143819116,16323.060059454292,29684.476623507217
serve_in65536_out64_n20_c1,65536,64,20,1,20,0,122.02778399083763,0.1638971006922627,10.489414444304813,10751.649805412435,4085.1764942985033,4086.073578801006,4124.512896826491,31.99605151109161,31.742416810066924,37.126241652442815,60.53308164840704,62.48513236641884,66.70408342033625,6100.927739497274,6072.020549792796,6426.524339839815
serve_in65536_out64_n20_c2,65536,64,20,2,20,0,99.90061432402581,0.20019896909873214,12.812734022318857,13133.052372876828,6028.639579983428,5945.325091481209,8399.931329982355,62.325686439576124,65.6309238161951,94.54200276395395,116.86067486880347,62.91017774492502,475.49518890678877,9955.157825676724,9778.1214825809,10908.140793638304
serve_in65536_out64_n20_c4,65536,64,20,4,20,0,86.40272858459502,0.23147417133266152,14.814346965290337,15184.705639422597,7566.4862405043095,7243.589777965099,15427.543512471015,151.28035835167836,154.54246754211093,199.94622470264042,286.20609622057134,420.7190489396453,488.5001888964326,17097.148816660047,17049.505655653775,25176.859833579507
serve_in65536_out64_n20_c8,65536,64,20,8,20,0,82.83857024554163,0.24143342818107605,15.451739403588867,15838.03288867859,17582.252341369167,17088.33070937544,31555.133222797882,213.8024500149879,230.08351521714337,267.91630208980115,400.28394677331687,445.78616600483656,497.62743428349495,31051.806692313403,31338.80564942956,46729.56246399321
serve_in8192_out64_n20_c1,8192,64,20,1,20,0,53.90922011807561,0.37099405178176664,23.743619314033065,3062.9268915102657,576.0921184439212,574.6141667477787,607.1683875843883,33.63283587294438,33.06699809544379,39.86650492936845,61.59503175335568,61.68634304776788,65.94785285182297,2694.9607784394175,2650.2386215142906,3107.719787377864
serve_in8192_out64_n20_c2,8192,64,20,2,20,0,32.24407178815454,0.6202690569417282,39.697219644270604,5120.9413341109075,702.8251762501895,668.1028823368251,1085.4997695330526,39.673976114551934,40.05218691946495,42.68986904845824,73.1906544275331,61.67197227478027,491.6228653304279,3202.2856714669615,3181.4894159324467,3772.435463489964
serve_in8192_out64_n20_c4,8192,64,20,4,20,0,23.482224649749696,0.8517080599607153,54.50931583748578,7031.7017430356655,1610.2041505742818,1631.0731172561646,2497.544823782518,47.760719114855405,46.12579131646761,67.59377754618606,88.1090969444521,60.73566433042288,485.53047632798535,4619.129454810172,4688.421666622162,5732.733922656625
serve_in8192_out64_n20_c8,8192,64,20,8,20,0,22.36807011719793,0.8941316749817761,57.22442719883367,7381.951108649544,2345.9821592550725,1909.3201095238328,5823.74723901972,93.32608915348018,75.39294639395342,165.36329942223216,170.4215644966757,65.65144890919328,963.9239416830827,8225.525775924325,7880.244338419288,12231.405508136377
